{
  "4": {
    "n_points": 340,
    "boundary_ratio": 0.03823529411764706,
    "results": {
      "DBSCAN": {
        "selected_storms": 4,
        "n_points": 340,
        "boundary_ratio": 0.03823529411764706,
        "method": "DBSCAN",
        "clusters": 6,
        "noise_points": 2,
        "runtime_mean_s": 0.0030681200000000075,
        "runtime_std_s": 0.0007085716432373617,
        "peak_memory_mb_mean": 0.10560836791992187,
        "peak_memory_mb_std": 0.01839805264754449
      },
      "PBC-DBSCAN": {
        "selected_storms": 4,
        "n_points": 340,
        "boundary_ratio": 0.03823529411764706,
        "method": "PBC-DBSCAN",
        "clusters": 4,
        "noise_points": 0,
        "runtime_mean_s": 0.019764699999999902,
        "runtime_std_s": 0.0008615767800956208,
        "peak_memory_mb_mean": 0.11545314788818359,
        "peak_memory_mb_std": 0.006389863980238425
      },
      "GPDBSCAN": {
        "selected_storms": 4,
        "n_points": 340,
        "boundary_ratio": 0.03823529411764706,
        "method": "GPDBSCAN",
        "clusters": 4,
        "noise_points": 0,
        "runtime_mean_s": 0.02730389999999989,
        "runtime_std_s": 0.0008365364498932234,
        "peak_memory_mb_mean": 0.10950870513916015,
        "peak_memory_mb_std": 0.0023169887109553687
      }
    }
  },
  "6": {
    "n_points": 494,
    "boundary_ratio": 0.04251012145748988,
    "results": {
      "DBSCAN": {
        "selected_storms": 6,
        "n_points": 494,
        "boundary_ratio": 0.04251012145748988,
        "method": "DBSCAN",
        "clusters": 9,
        "noise_points": 3,
        "runtime_mean_s": 0.003989180000000037,
        "runtime_std_s": 0.0004962416967568207,
        "peak_memory_mb_mean": 0.13372974395751952,
        "peak_memory_mb_std": 0.0026244345365308928
      },
      "PBC-DBSCAN": {
        "selected_storms": 6,
        "n_points": 494,
        "boundary_ratio": 0.04251012145748988,
        "method": "PBC-DBSCAN",
        "clusters": 6,
        "noise_points": 0,
        "runtime_mean_s": 0.028204799999999964,
        "runtime_std_s": 0.0007132732688106635,
        "peak_memory_mb_mean": 0.15785064697265624,
        "peak_memory_mb_std": 0.00030593872070312496
      },
      "GPDBSCAN": {
        "selected_storms": 6,
        "n_points": 494,
        "boundary_ratio": 0.04251012145748988,
        "method": "GPDBSCAN",
        "clusters": 6,
        "noise_points": 0,
        "runtime_mean_s": 0.04056009999999999,
        "runtime_std_s": 0.0013417087776414292,
        "peak_memory_mb_mean": 0.15265064239501952,
        "peak_memory_mb_std": 0.00018645091419448517
      }
    }
  },
  "8": {
    "n_points": 650,
    "boundary_ratio": 0.052307692307692305,
    "results": {
      "DBSCAN": {
        "selected_storms": 8,
        "n_points": 650,
        "boundary_ratio": 0.052307692307692305,
        "method": "DBSCAN",
        "clusters": 13,
        "noise_points": 3,
        "runtime_mean_s": 0.004887940000000146,
        "runtime_std_s": 0.0007863429241748383,
        "peak_memory_mb_mean": 0.1738435745239258,
        "peak_memory_mb_std": 0.0005651852173114252
      },
      "PBC-DBSCAN": {
        "selected_storms": 8,
        "n_points": 650,
        "boundary_ratio": 0.052307692307692305,
        "method": "PBC-DBSCAN",
        "clusters": 8,
        "noise_points": 0,
        "runtime_mean_s": 0.04036619999999998,
        "runtime_std_s": 0.00215883810323985,
        "peak_memory_mb_mean": 0.2064044952392578,
        "peak_memory_mb_std": 0.0006159260812336728
      },
      "GPDBSCAN": {
        "selected_storms": 8,
        "n_points": 650,
        "boundary_ratio": 0.052307692307692305,
        "method": "GPDBSCAN",
        "clusters": 8,
        "noise_points": 0,
        "runtime_mean_s": 0.054248459999999984,
        "runtime_std_s": 0.0032485454847363837,
        "peak_memory_mb_mean": 0.19891910552978515,
        "peak_memory_mb_std": 0.0002001520435745906
      }
    }
  },
  "10": {
    "n_points": 926,
    "boundary_ratio": 0.07667386609071274,
    "results": {
      "DBSCAN": {
        "selected_storms": 10,
        "n_points": 926,
        "boundary_ratio": 0.07667386609071274,
        "method": "DBSCAN",
        "clusters": 18,
        "noise_points": 3,
        "runtime_mean_s": 0.007126500000000036,
        "runtime_std_s": 0.0013711315925177504,
        "peak_memory_mb_mean": 0.24107074737548828,
        "peak_memory_mb_std": 0.0020646867024454937
      },
      "PBC-DBSCAN": {
        "selected_storms": 10,
        "n_points": 926,
        "boundary_ratio": 0.07667386609071274,
        "method": "PBC-DBSCAN",
        "clusters": 10,
        "noise_points": 0,
        "runtime_mean_s": 0.060364299999999815,
        "runtime_std_s": 0.0025147721701975685,
        "peak_memory_mb_mean": 0.29653091430664064,
        "peak_memory_mb_std": 8.926391601562501e-05
      },
      "GPDBSCAN": {
        "selected_storms": 10,
        "n_points": 926,
        "boundary_ratio": 0.07667386609071274,
        "method": "GPDBSCAN",
        "clusters": 10,
        "noise_points": 0,
        "runtime_mean_s": 0.07995684,
        "runtime_std_s": 0.002438156904385217,
        "peak_memory_mb_mean": 0.28601856231689454,
        "peak_memory_mb_std": 0.0003526101133229206
      }
    }
  },
  "12": {
    "n_points": 1026,
    "boundary_ratio": 0.08674463937621832,
    "results": {
      "DBSCAN": {
        "selected_storms": 12,
        "n_points": 1026,
        "boundary_ratio": 0.08674463937621832,
        "method": "DBSCAN",
        "clusters": 20,
        "noise_points": 5,
        "runtime_mean_s": 0.007587000000000188,
        "runtime_std_s": 0.0007737284071303077,
        "peak_memory_mb_mean": 0.2708250045776367,
        "peak_memory_mb_std": 0.00011882276815143911
      },
      "PBC-DBSCAN": {
        "selected_storms": 12,
        "n_points": 1026,
        "boundary_ratio": 0.08674463937621832,
        "method": "PBC-DBSCAN",
        "clusters": 12,
        "noise_points": 0,
        "runtime_mean_s": 0.07018179999999993,
        "runtime_std_s": 0.001628462301682069,
        "peak_memory_mb_mean": 0.33126087188720704,
        "peak_memory_mb_std": 0.0001785734721475561
      },
      "GPDBSCAN": {
        "selected_storms": 12,
        "n_points": 1026,
        "boundary_ratio": 0.08674463937621832,
        "method": "GPDBSCAN",
        "clusters": 12,
        "noise_points": 0,
        "runtime_mean_s": 0.09508525999999992,
        "runtime_std_s": 0.005320674600311524,
        "peak_memory_mb_mean": 0.3189842224121094,
        "peak_memory_mb_std": 4.5418933307303516e-05
      }
    }
  },
  "14": {
    "n_points": 1174,
    "boundary_ratio": 0.10391822827938671,
    "results": {
      "DBSCAN": {
        "selected_storms": 14,
        "n_points": 1174,
        "boundary_ratio": 0.10391822827938671,
        "method": "DBSCAN",
        "clusters": 25,
        "noise_points": 5,
        "runtime_mean_s": 0.009380379999999989,
        "runtime_std_s": 0.0008441314456884246,
        "peak_memory_mb_mean": 0.3078603744506836,
        "peak_memory_mb_std": 0.00017557555985891755
      },
      "PBC-DBSCAN": {
        "selected_storms": 14,
        "n_points": 1174,
        "boundary_ratio": 0.10391822827938671,
        "method": "PBC-DBSCAN",
        "clusters": 14,
        "noise_points": 0,
        "runtime_mean_s": 0.07963435999999983,
        "runtime_std_s": 0.0012633732743727356,
        "peak_memory_mb_mean": 0.38047218322753906,
        "peak_memory_mb_std": 0.0016971930673803284
      },
      "GPDBSCAN": {
        "selected_storms": 14,
        "n_points": 1174,
        "boundary_ratio": 0.10391822827938671,
        "method": "GPDBSCAN",